{
	"AllTrollers": {
		"LibRetro Controls": {
			"P1 RetroPad Up": "Up, J1 POV1U, X1 DpadUp, X1 LStickUp",
			"P1 RetroPad Down": "Down, J1 POV1D, X1 DpadDown, X1 LStickDown",
			"P1 RetroPad Left": "Left, J1 POV1L, X1 DpadLeft, X1 LStickLeft",
			"P1 RetroPad Right": "Right, J1 POV1R, X1 DpadRight, X1 LStickRight",
			"P1 RetroPad Select": "Space, J1 B9, X1 Back",
			"P1 RetroPad Start": "Enter, J1 B10, X1 Start",
			"P1 RetroPad Y": "A, J1 B1, X1 X",
			"P1 RetroPad B": "Z, J1 B2, X1 A",
			"P1 RetroPad X": "S, J1 B4, X1 Y",
			"P1 RetroPad A": "X, J1 B3, X1 B",
			"P1 RetroPad L": "W, J1 B5, X1 LeftShoulder",
			"P1 RetroPad R": "E, J1 B6, X1 RightShoulder",
			"Pointer Pressed": "WMouse L",
			"Key Backspace": "Backspace",
			"Key Tab": "Tab",
			"Key Return": "Enter",
			"Key Escape": "Escape",
			"Key Space": "Space",
			"Key Comma": "Comma",
			"Key Minus": "Minus",
			"Key Period": "Period",
			"Key Slash": "Slash",
			"Key 0": "Number0",
			"Key 1": "Number1",
			"Key 2": "Number2",
			"Key 3": "Number3",
			"Key 4": "Number4",
			"Key 5": "Number5",
			"Key 6": "Number6",
			"Key 7": "Number7",
			"Key 8": "Number8",
			"Key 9": "Number9",
			"Key Semicolon": "Semicolon",
			"Key Equals": "Equals",
			"Key LeftBracket": "LeftBracket",
			"Key Backslash": "Backslash",
			"Key RightBracket": "RightBracket",
			"Key Backquote": "Backtick",
			"Key A": "A",
			"Key B": "B",
			"Key C": "C",
			"Key D": "D",
			"Key E": "E",
			"Key F": "F",
			"Key G": "G",
			"Key H": "H",
			"Key I": "I",
			"Key J": "J",
			"Key K": "K",
			"Key L": "L",
			"Key M": "M",
			"Key N": "N",
			"Key O": "O",
			"Key P": "P",
			"Key Q": "Q",
			"Key R": "R",
			"Key S": "S",
			"Key T": "T",
			"Key U": "U",
			"Key V": "V",
			"Key W": "W",
			"Key X": "X",
			"Key Y": "Y",
			"Key Z": "Z",
			"Key Delete": "Delete",
			"Key KP0": "Keypad0",
			"Key KP1": "Keypad1",
			"Key KP2": "Keypad2",
			"Key KP3": "Keypad3",
			"Key KP4": "Keypad4",
			"Key KP5": "Keypad5",
			"Key KP6": "Keypad6",
			"Key KP7": "Keypad7",
			"Key KP8": "Keypad8",
			"Key KP9": "Keypad9",
			"Key KP_Period": "KeypadDecimal",
			"Key KP_Divide": "KeypadDivide",
			"Key KP_Multiply": "KeypadMultiply",
			"Key KP_Minus": "KeypadSubtract",
			"Key KP_Plus": "KeypadAdd",
			"Key KP_Enter": "KeypadEnter",
			"Key Up": "Up",
			"Key Down": "Down",
			"Key Left": "Left",
			"Key Home": "Home",
			"Key End": "End",
			"Key PageUp": "PageUp",
			"Key PageDown": "PageDown",
			"Key F1": "F1",
			"Key F2": "F2",
			"Key F3": "F3",
			"Key F4": "F4",
			"Key F5": "F5",
			"Key F6": "F6",
			"Key F7": "F7",
			"Key F8": "F8",
			"Key F9": "F9",
			"Key F10": "F10",
			"Key F11": "F11",
			"Key F12": "F12",
			"Key NumLock": "NumLock",
			"Key CapsLock": "CapsLock",
			"Key ScrollLock": "ScrollLock",
			"Key RShift": "RightShift",
			"Key LShift": "Shift, LeftShift",
			"Key RCtrl": "RightCtrl",
			"Key LCtrl": "Ctrl, LeftCtrl",
			"Key RAlt": "RightAlt",
			"Key LAlt": "Alt, LeftAlt",
			"Key Menu": "Apps",
			"Key Right": "Right"
		},
		"NES Controller": {
			"P1 Up": "Up, J1 POV1U, X1 DpadUp, X1 LStickUp",
			"P1 Down": "Down, J1 POV1D, X1 DpadDown, X1 LStickDown",
			"P1 Left": "Left, J1 POV1L, X1 DpadLeft, X1 LStickLeft",
			"P1 Right": "Right, J1 POV1R, X1 DpadRight, X1 LStickRight",
			"P1 Start": "Enter, J1 B10, X1 Start",
			"P1 Select": "Space, J1 B9, X1 Back",
			"P1 B": "Z, J1 B1, X1 X",
			"P1 A": "X, J1 B2, X1 A",
			"P2 Fire": "WMouse L",
			"P3 Fire": "WMouse L"
		},
		"SNES Controller": {
			"P1 Up": "Up, J1 POV1U, X1 DpadUp, X1 LStickUp",
			"P1 Down": "Down, J1 POV1D, X1 DpadDown, X1 LStickDown",
			"P1 Left": "Left, J1 POV1L, X1 DpadLeft, X1 LStickLeft",
			"P1 Right": "Right, J1 POV1R, X1 DpadRight, X1 LStickRight",
			"P1 Select": "Space, J1 B9, X1 Back",
			"P1 Start": "Enter, J1 B10, X1 Start",
			"P1 Y": "A, J1 B1, X1 X",
			"P1 X": "S, J1 B4, X1 Y",
			"P1 B": "Z, J1 B2, X1 A",
			"P1 A": "X, J1 B3, X1 B",
			"P1 L": "W, J1 B5, X1 LeftShoulder",
			"P1 R": "E, J1 B6, X1 RightShoulder",
			"P1 Mouse Left": "Z, J1 B1, X1 X",
			"P1 Mouse Right": "X, J1 B2, X1 A",
			"P2 Trigger": "Z, J1 B1, X1 X",
			"P2 Cursor": "X, J1 B2, X1 A",
			"P2 Turbo": "A, J1 B3 X1 Y",
			"P2 Pause": "S, J1 B4 X1 B"
		},
		"Nintendo 64 Controller": {
			"P1 A Up": "Up, J1 POV1U",
			"P1 A Down": "Down, J1 POV1D",
			"P1 A Left": "Left, J1 POV1L",
			"P1 A Right": "Right, J1 POV1R",
			"P1 DPad U": "X1 DpadUp",
			"P1 DPad D": "X1 DpadDown",
			"P1 DPad L": "X1 DpadLeft",
			"P1 DPad R": "X1 DpadRight",
			"P1 Start": "Enter, J1 B10, X1 Start",
			"P1 Z": "D, J1 B3, X1 B",
			"P1 B": "S, J1 B1, X1 X",
			"P1 A": "A, J1 B2, X1 A",
			"P1 C Up": "Keypad8, J1 RotationZ-, X1 RStickUp",
			"P1 C Down": "Keypad2, J1 RotationZ+, X1 RStickDown",
			"P1 C Left": "Keypad4, J1 Z-, X1 RStickLeft",
			"P1 C Right": "Keypad6, J1 Z+, X1 RStickRight",
			"P1 L": "Q, J1 B5, X1 LeftShoulder",
			"P1 R": "W, J1 B6, X1 RightShoulder"
		},
		"Gameboy Controller": {
			"Up": "Up, J1 POV1U, X1 DpadUp, X1 LStickUp",
			"Down": "Down, J1 POV1D, X1 DpadDown, X1 LStickDown",
			"Left": "Left, J1 POV1L, X1 DpadLeft, X1 LStickLeft",
			"Right": "Right, J1 POV1R, X1 DpadRight, X1 LStickRight",
			"Start": "Enter, J1 B10, X1 Start",
			"Select": "Space, J1 B9, X1 Back",
			"B": "Z, J1 B1, X1 X",
			"A": "X, J1 B2, X1 A",
			"P1 Up": "Up, J1 POV1U, X1 DpadUp, X1 LStickUp",
			"P1 Down": "Down, J1 POV1D, X1 DpadDown, X1 LStickDown",
			"P1 Left": "Left, J1 POV1L, X1 DpadLeft, X1 LStickLeft",
			"P1 Right": "Right, J1 POV1R, X1 DpadRight, X1 LStickRight",
			"P1 Start": "Enter, J1 B10, X1 Start",
			"P1 Select": "Space, J1 B9, X1 Back",
			"P1 B": "Z, J1 B1, X1 X",
			"P1 A": "X, J1 B2, X1 A"
		},
		"Gameboy Controller H": {
			"Up": "Up, J1 POV1U, X1 DpadUp, X1 LStickUp",
			"Down": "Down, J1 POV1D, X1 DpadDown, X1 LStickDown",
			"Left": "Left, J1 POV1L, X1 DpadLeft, X1 LStickLeft",
			"Right": "Right, J1 POV1R, X1 DpadRight, X1 LStickRight",
			"Start": "Enter, J1 B10, X1 Start",
			"Select": "Space, J1 B9, X1 Back",
			"B": "Z, J1 B1, X1 X",
			"A": "X, J1 B2, X1 A",
			"P1 Up": "Up, J1 POV1U, X1 DpadUp, X1 LStickUp",
			"P1 Down": "Down, J1 POV1D, X1 DpadDown, X1 LStickDown",
			"P1 Left": "Left, J1 POV1L, X1 DpadLeft, X1 LStickLeft",
			"P1 Right": "Right, J1 POV1R, X1 DpadRight, X1 LStickRight",
			"P1 Start": "Enter, J1 B10, X1 Start",
			"P1 Select": "Space, J1 B9, X1 Back",
			"P1 B": "Z, J1 B1, X1 X",
			"P1 A": "X, J1 B2, X1 A"
		},
		"GBA Controller": {
			"Up": "Up, J1 POV1U, X1 DpadUp, X1 LStickUp",
			"Down": "Down, J1 POV1D, X1 DpadDown, X1 LStickDown",
			"Left": "Left, J1 POV1L, X1 DpadLeft, X1 LStickLeft",
			"Right": "Right, J1 POV1R, X1 DpadRight, X1 LStickRight",
			"Start": "Enter, J1 B10, X1 Start",
			"Select": "Space, J1 B9, X1 Back",
			"B": "Z, J1 B1, X1 X",
			"A": "X, J1 B2, X1 A",
			"L": "W, J1 B5, X1 LeftShoulder",
			"R": "E, J1 B6, X1 RightShoulder"
		},
		"3DS Controller": {
			"A": "X, J1 B3, X1 B",
			"B": "Z, J1 B2, X1 A",
			"X": "S, J1 B4, X1 Y",
			"Y": "A, J1 B1, X1 X",
			"Up": "Up, J1 POV1U, X1 DpadUp",
			"Down": "Down, J1 POV1D, X1 DpadDown",
			"Left": "Left, J1 POV1L, X1 DpadLeft",
			"Right": "Right, J1 POV1R, X1 DpadRight",
			"L": "Q, J1 B5, X1 LeftShoulder",
			"R": "W, J1 B6, X1 RightShoulder",
			"ZL": "E, J1 B7, X1 LeftTrigger",
			"ZR": "R, J1 B8, X1 RightTrigger",
			"Select": "Space, J1 B9, X1 Back",
			"Start": "Enter, J1 B10, X1 Start",
			"Touch": "WMouse L, X1 Touchpad",
			"Tilt": "WMouse R",
		},
		"NDS Controller": {
			"A": "X, J1 B3, X1 B",
			"B": "Z, J1 B2, X1 A",
			"X": "S, J1 B4, X1 Y",
			"Y": "A, J1 B1, X1 X",
			"Up": "Up, J1 POV1U, X1 DpadUp, X1 LStickUp",
			"Down": "Down, J1 POV1D, X1 DpadDown, X1 LStickDown",
			"Left": "Left, J1 POV1L, X1 DpadLeft, X1 LStickLeft",
			"Right": "Right, J1 POV1R, X1 DpadRight, X1 LStickRight",
			"L": "W, J1 B5, X1 LeftShoulder",
			"R": "E, J1 B6, X1 RightShoulder",
			"Select": "Space, J1 B9, X1 Back",
			"Start": "Enter, J1 B10, X1 Start",
			"Touch": "WMouse L, X1 Touchpad",
			"Microphone": "M"
		},
		"Atari 2600 Basic Controller": {
			"Reset": "D, J1 B9, X1 Back",
			"Select": "S, J1 B10, X1 Start",
			"P1 Up": "Up, J1 POV1U, X1 DpadUp, X1 LStickUp",
			"P1 Down": "Down, J1 POV1D, X1 DpadDown, X1 LStickDown",
			"P1 Left": "Left, J1 POV1L, X1 DpadLeft, X1 LStickLeft",
			"P1 Right": "Right, J1 POV1R, X1 DpadRight, X1 LStickRight",
			"P1 Button": "Z, J1 B1, X1 X",
			"P2 Up": "Keypad8, J1 RotationZ-, X1 RStickUp",
			"P2 Down": "Keypad2, J1 RotationZ+, X1 RStickDown",
			"P2 Left": "Keypad4, J1 Z-, X1 RStickLeft",
			"P2 Right": "Keypad6, J1 Z+, X1 RStickRight",
			"P2 Button": "Keypad1, J1 B2, X1 A"
		},
		"Atari 7800 Basic Controller": {
			"Reset": "D, J1 B9, X1 Back",
			"Select": "S, J1 B10, X1 Start",
			"P1 Up": "Up, J1 POV1U, X1 DpadUp, X1 LStickUp",
			"P1 Down": "Down, J1 POV1D, X1 DpadDown, X1 LStickDown",
			"P1 Left": "Left, J1 POV1L, X1 DpadLeft, X1 LStickLeft",
			"P1 Right": "Right, J1 POV1R, X1 DpadRight, X1 LStickRight",
			"P1 Button": "Z, J1 B1, X1 X",
			"P2 Up": "Keypad8, J1 RotationZ-, X1 RStickUp",
			"P2 Down": "Keypad2, J1 RotationZ+, X1 RStickDown",
			"P2 Left": "Keypad4, J1 Z-, X1 RStickLeft",
			"P2 Right": "Keypad6, J1 Z+, X1 RStickRight",
			"P2 Button": "Keypad1, J1 B2, X1 A"
		},
		"Atari 7800 ProLine Joystick Controller": {
			"Reset": "D, J1 B9, X1 Back",
			"Select": "S, J1 B10, X1 Start",
			"P1 Up": "Up, J1 POV1U, X1 DpadUp, X1 LStickUp",
			"P1 Down": "Down, J1 POV1D, X1 DpadDown, X1 LStickDown",
			"P1 Left": "Left, J1 POV1L, X1 DpadLeft, X1 LStickLeft",
			"P1 Right": "Right, J1 POV1R, X1 DpadRight, X1 LStickRight",
			"P1 Trigger": "Z, J1 B1, X1 X",
			"P1 Trigger 2": "X, J1 B2, X1 A",
			"P2 Up": "Keypad8, J1 RotationZ-, X1 RStickUp",
			"P2 Down": "Keypad2, J1 RotationZ+, X1 RStickDown",
			"P2 Left": "Keypad4, J1 Z-, X1 RStickLeft",
			"P2 Right": "Keypad6, J1 Z+, X1 RStickRight",
			"P2 Trigger": "Keypad1, J1 B4, X1 Y",
			"P2 Trigger 2": "Keypad3, J1 B3, X1 B"
		},
		"Atari 7800 Joystick Controller": {
			"Reset": "D, J1 B9, X1 Back",
			"Select": "S, J1 B10, X1 Start",
			"P1 Up": "Up, J1 POV1U, X1 DpadUp, X1 LStickUp",
			"P1 Down": "Down, J1 POV1D, X1 DpadDown, X1 LStickDown",
			"P1 Left": "Left, J1 POV1L, X1 DpadLeft, X1 LStickLeft",
			"P1 Right": "Right, J1 POV1R, X1 DpadRight, X1 LStickRight",
			"P1 Trigger": "Z, J1 B1, X1 X",
			"P1 Trigger 2": "X, J1 B2, X1 A",
			"P2 Up": "Keypad8, J1 RotationZ-, X1 RStickUp",
			"P2 Down": "Keypad2, J1 RotationZ+, X1 RStickDown",
			"P2 Left": "Keypad4, J1 Z-, X1 RStickLeft",
			"P2 Right": "Keypad6, J1 Z+, X1 RStickRight",
			"P2 Trigger": "Keypad1, J1 B4, X1 Y"
		},
		"Atari 7800 Light Gun Controller": {
			"Reset": "D, J1 B9, X1 Back",
			"Select": "S, J1 B10, X1 Start",
			"P1 Trigger": "WMouse L"
		},
		"Atari 7800 Paddle Controller": {
			"Reset": "D, J1 B9, X1 Back",
			"Select": "S, J1 B10, X1 Start",
			"P2 Trigger": "Keypad1, J1 B4, X1 Y"
		},
		"Commodore 64 Controller": {
			"P1 Up": "Keypad8, J1 POV1U, X1 DpadUp, X1 LStickUp",
			"P1 Down": "Keypad2, J1 POV1D, X1 DpadDown, X1 LStickDown",
			"P1 Left": "Keypad4, J1 POV1L, X1 DpadLeft, X1 LStickLeft",
			"P1 Right": "Keypad6, J1 POV1R, X1 DpadRight, X1 LStickRight",
			"P1 Button": "Keypad1, J1 B1, X1 X",
			"Key F1": "F1",
			"Key F3": "F3",
			"Key F5": "F5",
			"Key F7": "F7",
			"Key Left Arrow": "Backtick",
			"Key 1": "Number1",
			"Key 2": "Number2",
			"Key 3": "Number3",
			"Key 4": "Number4",
			"Key 5": "Number5",
			"Key 6": "Number6",
			"Key 7": "Number7",
			"Key 8": "Number8",
			"Key 9": "Number9",
			"Key 0": "Number0",
			"Key Plus": "Equals",
			"Key Minus": "Minus",
			"Key Pound": "Insert",
			"Key Clear/Home": "Delete",
			"Key Insert/Delete": "Backspace",
			"Key Control": "Tab",
			"Key Q": "Q",
			"Key W": "W",
			"Key E": "E",
			"Key R": "R",
			"Key T": "T",
			"Key Y": "Y",
			"Key U": "U",
			"Key I": "I",
			"Key O": "O",
			"Key P": "P",
			"Key At": "LeftBracket",
			"Key Asterisk": "RightBracket",
			"Key Up Arrow": "Backslash",
			"Key Run/Stop": "CapsLock",
			"Key A": "A",
			"Key S": "S",
			"Key D": "D",
			"Key F": "F",
			"Key G": "G",
			"Key H": "H",
			"Key J": "J",
			"Key K": "K",
			"Key L": "L",
			"Key Colon": "Semicolon",
			"Key Semicolon": "Apostrophe",
			"Key Equal": "RightCtrl",
			"Key Return": "Enter",
			"Key Commodore": "Ctrl, LeftCtrl",
			"Key Left Shift": "Shift, LeftShift",
			"Key Z": "Z",
			"Key X": "X",
			"Key C": "C",
			"Key V": "V",
			"Key B": "B",
			"Key N": "N",
			"Key M": "M",
			"Key Comma": "Comma",
			"Key Period": "Period",
			"Key Slash": "Slash",
			"Key Right Shift": "RightShift",
			"Key Cursor Up/Down": "Down",
			"Key Cursor Left/Right": "Right",
			"Key Space": "Space"
		},
		"ZXSpectrum Controller": {
			"P1 Up": "Keypad8, J1 POV1U, X1 DpadUp, X1 LStickUp",
			"P1 Down": "Keypad2, J1 POV1D, X1 DpadDown, X1 LStickDown",
			"P1 Left": "Keypad4, J1 POV1L, X1 DpadLeft, X1 LStickLeft",
			"P1 Right": "Keypad6, J1 POV1R, X1 DpadRight, X1 LStickRight",
			"P1 Button": "Keypad1, J1 B1, X1 X",
			"Key 1": "Number1",
			"Key 2": "Number2",
			"Key 3": "Number3",
			"Key 4": "Number4",
			"Key 5": "Number5",
			"Key 6": "Number6",
			"Key 7": "Number7",
			"Key 8": "Number8",
			"Key 9": "Number9",
			"Key 0": "Number0",
			"Key Break": "Delete",
			"Key Delete": "Backspace",
			"Key Q": "Q",
			"Key W": "W",
			"Key E": "E",
			"Key R": "R",
			"Key T": "T",
			"Key Y": "Y",
			"Key U": "U",
			"Key I": "I",
			"Key O": "O",
			"Key P": "P",
			"Key A": "A",
			"Key S": "S",
			"Key D": "D",
			"Key F": "F",
			"Key G": "G",
			"Key H": "H",
			"Key J": "J",
			"Key K": "K",
			"Key L": "L",
			"Key Return": "Enter",
			"Key Caps Shift": "Shift, LeftShift, RightShift",
			"Key Z": "Z",
			"Key X": "X",
			"Key C": "C",
			"Key V": "V",
			"Key B": "B",
			"Key N": "N",
			"Key M": "M",
			"Key Period": "Period",
			"Key Symbol Shift": "Ctrl, LeftCtrl, RightCtrl",
			"Key Semi-Colon": "Semicolon",
			"Key Left Cursor": "Left",
			"Key Right Cursor": "Right",
			"Key Space": "Space",
			"Key Up Cursor": "Up",
			"Key Down Cursor": "Down",
			"Key Comma": "Comma",
			"Play Tape": "F1",
			"Stop Tape": "F2",
			"RTZ Tape": "F3",
			"Key Quote": "Shift+Number2",
			"Insert Next Tape": "F6",
			"Insert Previous Tape": "F5",
			"Next Tape Block": "F8",
			"Prev Tape Block": "F7",
			"Get Tape Status": "F9",
			"Insert Next Disk": "F11",
			"Insert Previous Disk": "F10",
			"Get Disk Status": "F12"
		},
		"ChannelF Controller": {
		  "P1 Forward": "Keypad8, J1 POV1U, X1 DpadUp, X1 LStickUp",
		  "P1 Back": "Keypad2, J1 POV1D, X1 DpadDown, X1 LStickDown",
		  "P1 Left": "Keypad4, J1 POV1L, X1 DpadLeft, X1 LStickLeft",
		  "P1 Right": "Keypad6, J1 POV1R, X1 DpadRight, X1 LStickRight",
		  "P1 CCW": "Left, J1 Z-, X1 RStickLeft",
		  "P1 CW": "Right, J1 Z+, X1 RStickRight",
		  "P1 Pull": "Up, J1 RotationZ-, X1 RStickUp",
		  "P1 Push": "Down, J1 RotationZ+, X1 RStickDown",
		  "TIME": "F1",
		  "MODE": "F2",
		  "HOLD": "F3",
		  "START": "F4",
		  "RESET": "F5",
		  "P2 Forward": "W, J2 POV1U, X2 DpadUp, X2 LStickUp",
		  "P2 Back": "S, J2 POV1D, X2 DpadDown, X2 LStickDown",
		  "P2 Left": "A, J2 POV1L, X2 DpadLeft, X2 LStickLeft",
		  "P2 Right": "D, J2 POV1R, X2 DpadRight, X2 LStickRight",
		  "P2 CCW": "J, J2 Z-, X2 RStickLeft",
		  "P2 CW": "L, J2 Z+, X2 RStickRight",
		  "P2 Pull": "I, J2 RotationZ-, X2 RStickUp",
		  "P2 Push": "K, J2 RotationZ+, X2 RStickDown",
		},
		"Intellivision Controller": {
			"P1 Up": "Up, J1 POV1U, X1 DpadUp, X1 LStickUp",
			"P1 Down": "Down, J1 POV1D, X1 DpadDown, X1 LStickDown",
			"P1 Left": "Left, J1 POV1L, X1 DpadLeft, X1 LStickLeft",
			"P1 Right": "Right, J1 POV1R, X1 DpadRight, X1 LStickRight",
			"P1 L": "Z, J1 B1, X1 X",
			"P1 R": "X, J1 B2, X1 A",
			"P1 Key0": "Keypad0",
			"P1 Key1": "Keypad1",
			"P1 Key2": "Keypad2",
			"P1 Key3": "Keypad3",
			"P1 Key4": "Keypad4",
			"P1 Key5": "Keypad5",
			"P1 Key6": "Keypad6",
			"P1 Key7": "Keypad7",
			"P1 Key8": "Keypad9",
			"P1 Key9": "Keypad9",
			"P1 Enter": "KeypadEnter",
			"P1 Clear": "KeypadDecimal"
		},
		"PC-FX Controller": {
			"P1 Up": "Up, J1 POV1U, X1 DpadUp, X1 LStickUp",
			"P1 Down": "Down, J1 POV1D, X1 DpadDown, X1 LStickDown",
			"P1 Left": "Left, J1 POV1L, X1 DpadLeft, X1 LStickLeft",
			"P1 Right": "Right, J1 POV1R, X1 DpadRight, X1 LStickRight",
			"P1 I": "C, J1 B1, X1 X",
			"P1 II": "X, J1 B2, X1 A",
			"P1 III": "Z, J1 B4, X1 Y",
			"P1 IV": "D, J1 B3, X1 B",
			"P1 V": "S, J1 B11, X1 X",
			"P1 VI": "A, J1 B12, X1 X",
			"P1 Select": "Space, J1 B9, X1 Back",
			"P1 Run": "Enter, J1 B10, X1 Start",
			"P2 Mouse Left": "WMouse L",
			"P2 Mouse Right": "WMouse R"
		},
		"Saturn Controller": {
			"P1 Up": "Up, J1 POV1U, X1 DpadUp, X1 LStickUp",
			"P1 Down": "Down, J1 POV1D, X1 DpadDown, X1 LStickDown",
			"P1 Left": "Left, J1 POV1L, X1 DpadLeft, X1 LStickLeft",
			"P1 Right": "Right, J1 POV1R, X1 DpadRight, X1 LStickRight",
			"P1 Start": "Enter, J1 B10, X1 Start",
			"P1 X": "D, J1 B3, X1 B",
			"P1 Y": "S, J1 B11, X1 X",
			"P1 Z": "A, J1 B12, X1 X",
			"P1 A": "C, J1 B1, X1 X",
			"P1 B": "X, J1 B2, X1 A",
			"P1 C": "Z, J1 B4, X1 Y",
			"P1 L": "Q, J1 B5, X1 LeftShoulder",
			"P1 R": "W, J1 B6, X1 RightShoulder",
			"P1 Mouse Left": "WMouse L",
			"P1 Mouse Center": "WMouse M",
			"P1 Mouse Right": "WMouse R",
			"P1 Escape": "Escape",
			"P1 F1": "F1",
			"P1 F2": "F2",
			"P1 F3": "F3",
			"P1 F4": "F4",
			"P1 F5": "F5",
			"P1 F6": "F6",
			"P1 F7": "F7",
			"P1 F8": "F8",
			"P1 F9": "F9",
			"P1 F10": "F10",
			"P1 F11": "F11",
			"P1 F12": "F12",
			"P1 Grave`": "Backtick",
			"P1 1(One)": "Number1",
			"P1 2": "Number2",
			"P1 3": "Number3",
			"P1 4": "Number4",
			"P1 5": "Number5",
			"P1 6": "Number6",
			"P1 7": "Number7",
			"P1 8": "Number8",
			"P1 9": "Number9",
			"P1 0(Zero)": "Number0",
			"P1 Minus-": "Minus",
			"P1 Equals=": "Equals",
			"P1 Backslash\\": "Backslash",
			"P1 Backspace": "Backspace",
			"P1 Tab": "Tab",
			"P1 Q": "Q",
			"P1 W": "W",
			"P1 E": "E",
			"P1 R(Key)": "R",
			"P1 T": "T",
			"P1 Y(Key)": "Y",
			"P1 U": "U",
			"P1 I": "I",
			"P1 O": "O",
			"P1 P": "P",
			"P1 LeftBracket[": "LeftBracket",
			"P1 RightBracket]": "RightBracket",
			"P1 Enter": "Enter",
			"P1 CapsLock": "CapsLock",
			"P1 A(Key)": "A",
			"P1 S": "S",
			"P1 D": "D",
			"P1 F": "F",
			"P1 G": "G",
			"P1 H": "H",
			"P1 J": "J",
			"P1 K": "K",
			"P1 L(Key)": "L",
			"P1 Semicolon;": "Semicolon",
			"P1 Quote'": "Apostrophe",
			"P1 LeftShift": "Shift, LeftShift",
			"P1 Z(Key)": "Z",
			"P1 X(Key)": "X",
			"P1 C(Key)": "C",
			"P1 V": "V",
			"P1 B(Key)": "B",
			"P1 N": "N",
			"P1 M": "M",
			"P1 Comma,": "Comma",
			"P1 Period.": "Period",
			"P1 Slash/": "Slash",
			"P1 RightShift": "RightShift",
			"P1 LeftCtrl": "Ctrl, LeftCtrl",
			"P1 LeftAlt": "Alt, LeftAlt",
			"P1 Space": "Space",
			"P1 RightAlt": "RightAlt",
			"P1 RightCtrl": "RightCtrl",
			"P1 ScrollLock": "ScrollLock",
			"P1 Pause": "Pause",
			"P1 Insert": "Insert",
			"P1 Delete": "Delete",
			"P1 Home": "Home",
			"P1 End": "End",
			"P1 PageUp": "PageUp",
			"P1 PageDown": "PageDown",
			"P1 CursorLeft": "Left",
			"P1 NumLock": "NumLock",
			"P1 KeypadSlash(Divide)": "KeypadDivide",
			"P1 KeypadAsterisk(Multiply)": "KeypadMultiply",
			"P1 KeypadMinus": "KeypadSubtract",
			"P1 KeypadHome/7": "Keypad7",
			"P1 KeypadUp/8": "Keypad8",
			"P1 KeypadPageup/9": "Keypad9",
			"P1 KeypadPlus": "KeypadAdd",
			"P1 KeypadLeft/4": "Keypad4",
			"P1 KeypadCenter/5": "Keypad5",
			"P1 KeypadRight/6": "Keypad6",
			"P1 KeypadEnd/1": "Keypad1",
			"P1 KeypadDown/2": "Keypad2",
			"P1 KeypadPagedown/3": "Keypad3",
			"P1 KeypadEnter": "KeypadEnter",
			"P1 KeypadInsert/0": "Keypad0",
			"P1 KeypadDelete": "KeypadDecimal"
		},
		"PC Engine Controller": {
			"P1 Up": "Up, J1 POV1U, X1 DpadUp, X1 LStickUp",
			"P1 Down": "Down, J1 POV1D, X1 DpadDown, X1 LStickDown",
			"P1 Left": "Left, J1 POV1L, X1 DpadLeft, X1 LStickLeft",
			"P1 Right": "Right, J1 POV1R, X1 DpadRight, X1 LStickRight",
			"P1 B1": "C, J1 B3, X1 B",
			"P1 B2": "X, J1 B2, X1 A",
			"P1 I": "C, J1 B3, X1 B",
			"P1 II": "X, J1 B2, X1 A",
			"P1 III": "Z",
			"P1 IV": "D",
			"P1 V": "S",
			"P1 VI": "A",
			"P1 Select": "V, J1 B9, X1 Back",
			"P1 Run": "Enter, J1 B10, X1 Start",
			"P1 Mode: Set 2-button": "LeftBracket",
			"P1 Mode: Set 6-button": "RightBracket"
		},
		"ColecoVision Basic Controller": {
			"P1 Up": "Up, J1 POV1U, X1 DpadUp, X1 LStickUp",
			"P1 Down": "Down, J1 POV1D, X1 DpadDown, X1 LStickDown",
			"P1 Left": "Left, J1 POV1L, X1 DpadLeft, X1 LStickLeft",
			"P1 Right": "Right, J1 POV1R, X1 DpadRight, X1 LStickRight",
			"P1 L": "Z, J1 B5, X1 LeftShoulder",
			"P1 R": "X, J1 B6, X1 RightShoulder",
			"P1 Key 1": "Keypad1, J1 B1, X1 X",
			"P1 Key 2": "Keypad2, J1 B2, X1 A",
			"P1 Key 3": "Keypad3, J1 B3, X1 B",
			"P1 Key 4": "Keypad4, J1 B4, X1 Y",
			"P1 Key 5": "Keypad5, J1 RotationZ-, X1 RStickUp",
			"P1 Key 6": "Keypad6, J1 RotationZ+, X1 RStickDown",
			"P1 Key 7": "Keypad7, J1 Z-, X1 RStickLeft",
			"P1 Key 8": "Keypad8, J1 Z+, X1 RStickRight",
			"P1 Key 9": "Keypad9, J1 B11, X1 LeftThumb",
			"P1 Star": "KeypadEnter, J1 B9, X1 Back",
			"P1 Key 0": "Keypad0, J1 B12, X1 RightThumb",
			"P1 Pound": "KeypadDecimal, J1 B10, X1 Start"
		},
		"SMS Controller": {
			"P1 Up": "Up, J1 POV1U, X1 DpadUp, X1 LStickUp",
			"P1 Down": "Down, J1 POV1D, X1 DpadDown, X1 LStickDown",
			"P1 Left": "Left, J1 POV1L, X1 DpadLeft, X1 LStickLeft",
			"P1 Right": "Right, J1 POV1R, X1 DpadRight, X1 LStickRight",
			"P1 B1": "Z, J1 B1, X1 X",
			"P1 B2": "X, J1 B2, X1 A",
			"Reset": "J1 B9, X1 Back",
			"Pause": "J1 B10, X1 Start"
		},
		"SMS Paddle Controller": {
			"P1 Left": "Left, J1 POV1L",
			"P1 Right": "Right, J1 POV1R",
			"P1 B1": "Z, J1 B1, X1 X",
			"Reset": "J1 B9, X1 Back",
			"Pause": "J1 B10, X1 Start"
		},
		"SMS Light Phaser Controller": {
			"P1 Trigger": "Z, J1 B1, X1 X, WMouse L",
			"Reset": "J1 B9, X1 Back",
			"Pause": "J1 B10, X1 Start"
		},
		"SMS Sports Pad Controller": {
			"P1 Up": "Up, J1 POV1U",
			"P1 Down": "Down, J1 POV1D",
			"P1 Left": "Left, J1 POV1L",
			"P1 Right": "Right, J1 POV1R",
			"P1 B1": "Z, J1 B1, X1 X",
			"P1 B2": "X, J1 B2, X1 A",
			"Reset": "J1 B9, X1 Back",
			"Pause": "J1 B10, X1 Start"
		},
		"SMS Keyboard Controller": {
			"Key 1": "Number1",
			"Key 2": "Number2",
			"Key 3": "Number3",
			"Key 4": "Number4",
			"Key 5": "Number5",
			"Key 6": "Number6",
			"Key 7": "Number7",
			"Key 8": "Number8",
			"Key 9": "Number9",
			"Key 0": "Number0",
			"Key Minus": "Minus",
			"Key Caret": "Equals",
			"Key Yen": "Backspace",
			"Key Break": "Delete",
			"Key Function": "Tab",
			"Key Q": "Q",
			"Key W": "W",
			"Key E": "E",
			"Key R": "R",
			"Key T": "T",
			"Key Y": "Y",
			"Key U": "U",
			"Key I": "I",
			"Key O": "O",
			"Key P": "P",
			"Key At": "LeftBracket",
			"Key Left Bracket": "RightBracket",
			"Key Return": "Enter",
			"Key Up Arrow": "Up",
			"Key Control": "CapsLock",
			"Key A": "A",
			"Key S": "S",
			"Key D": "D",
			"Key F": "F",
			"Key G": "G",
			"Key H": "H",
			"Key J": "J",
			"Key K": "K",
			"Key L": "L",
			"Key Semicolon": "Semicolon",
			"Key Colon": "Apostrophe",
			"Key Right Bracket": "Backslash",
			"Key Left Arrow": "Left",
			"Key Right Arrow": "Right",
			"Key Shift": "Shift, LeftShift",
			"Key Z": "Z",
			"Key X": "X",
			"Key C": "C",
			"Key V": "V",
			"Key B": "B",
			"Key N": "N",
			"Key M": "M",
			"Key Comma": "Comma",
			"Key Period": "Period",
			"Key Slash": "Slash",
			"Key PI": "RightShift",
			"Key Down Arrow": "Down",
			"Key Graph": "PageUp",
			"Key Kana": "PageDown",
			"Key Space": "Space",
			"Key Home/Clear": "Home",
			"Key Insert/Delete": "Insert",
			"P1 Up": "J1 POV1U, X1 DpadUp, X1 LStickUp",
			"P1 Down": "J1 POV1D, X1 DpadDown, X1 LStickDown",
			"P1 Left": "J1 POV1L, X1 DpadLeft, X1 LStickLeft",
			"P1 Right": "J1 POV1R, X1 DpadRight, X1 LStickRight",
			"P1 B1": "J1 B1, X1 X",
			"P1 B2": "J1 B2, X1 A",
			"Reset": "J1 B9, X1 Back",
			"Pause": "J1 B10, X1 Start"
		},
		"GG Controller": {
			"P1 Up": "Up, J1 POV1U, X1 DpadUp, X1 LStickUp",
			"P1 Down": "Down, J1 POV1D, X1 DpadDown, X1 LStickDown",
			"P1 Left": "Left, J1 POV1L, X1 DpadLeft, X1 LStickLeft",
			"P1 Right": "Right, J1 POV1R, X1 DpadRight, X1 LStickRight",
			"P1 B1": "Z, J1 B1, X1 X",
			"P1 B2": "X, J1 B2, X1 A",
			"Reset": "J1 B9, X1 Back",
			"P1 Start": "Enter, J1 B10, X1 Start"
		},
		"Dual Gameboy Controller": {
			"P1 Up": "Up, J1 POV1U, X1 DpadUp, X1 LStickUp",
			"P1 Down": "Down, J1 POV1D, X1 DpadDown, X1 LStickDown",
			"P1 Left": "Left, J1 POV1L, X1 DpadLeft, X1 LStickLeft",
			"P1 Right": "Right, J1 POV1R, X1 DpadRight, X1 LStickRight",
			"P1 Start": "Enter, J1 B10, X1 Start",
			"P1 Select": "Space, J1 B9, X1 Space",
			"P1 B": "Z, J1 B1, X1 X",
			"P1 A": "X, J1 B2, X1 A",
			"P2 Up": "Keypad8, J1 RotationZ-, X1 RStickUp",
			"P2 Down": "Keypad2, J1 RotationZ+, X1 RStickDown",
			"P2 Left": "Keypad4, J1 Z-, X1 RStickLeft",
			"P2 Right": "Keypad6, J1 Z+, X1 RStickRight",
			"P2 Start": "RightBracket, J1 B5, X1 LeftShoulder",
			"P2 Select": "LeftBracket, J1 B6, X1 RightShoulder",
			"P2 B": "C, J1 B4, X1 Y",
			"P2 A": "V, J1 B3, X1 B"
		},
		"TI83 Controller": {
			"0": "Keypad0",
			"1": "Keypad1",
			"2": "Keypad2",
			"3": "Keypad3",
			"4": "Keypad4",
			"5": "Keypad5",
			"6": "Keypad6",
			"7": "Keypad7",
			"8": "Keypad8",
			"9": "Keypad9",
			"DOT": "KeypadDecimal",
			"ON": "Space",
			"ENTER": "Enter, KeypadEnter",
			"DOWN": "Down",
			"UP": "Up",
			"LEFT": "Left",
			"RIGHT": "Right",
			"PLUS": "KeypadAdd",
			"MINUS": "KeypadSubtract",
			"MULTIPLY": "KeypadMultiply",
			"DIVIDE": "KeypadDivide",
			"CLEAR": "Escape",
			"EXP": "6",
			"DASH": "Minus",
			"PARACLOSE": "0",
			"TAN": "T",
			"VARS": "V",
			"PARAOPEN": "9",
			"COS": "C",
			"PRGM": "R",
			"STAT": "S",
			"SIN": "Period",
			"MATRIX": "LeftBracket",
			"X": "X",
			"STO": "Insert",
			"LN": "L",
			"LOG": "O",
			"SQUARED": "2",
			"NEG1": "1",
			"MATH": "M",
			"ALPHA": "A",
			"GRAPH": "G",
			"TRACE": "Home",
			"ZOOM": "Z",
			"WINDOW": "W",
			"Y": "Y",
			"SECOND": "Slash",
			"MODE": "Backslash",
			"DEL": "Delete",
			"COMMA": "Comma"
		},
		"GPGX Genesis Controller": {
			"P1 Up": "Up, J1 POV1U, X1 DpadUp, X1 LStickUp",
			"P1 Down": "Down, J1 POV1D, X1 DpadDown, X1 LStickDown",
			"P1 Left": "Left, J1 POV1L, X1 DpadLeft, X1 LStickLeft",
			"P1 Right": "Right, J1 POV1R, X1 DpadRight, X1 LStickRight",
			"P1 A": "Z, J1 B1, X1 X",
			"P1 B": "X, J1 B2, X1 A",
			"P1 C": "C, J1 B4, X1 Y",
			"P1 Start": "Enter, J1 B10, X1 Start",
			"P1 X": "A, J1 B3, X1 B",
			"P1 Y": "S, J1 B5, X1 LeftShoulder",
			"P1 Z": "D, J1 B6, X1 RightShoulder",
			"P1 Mode": "E, J1 B9, X1 Back",
			"P2 Lightgun Trigger": "WMouse L",
			"P2 Lightgun Start": "Keypad5",
			"P2 Mouse Left": "WMouse L",
			"P2 Mouse Center": "WMouse M",
			"P2 Mouse Right": "WMouse R",
			"P2 Mouse Start": "Keypad5"
		},
		"PicoDrive Genesis Controller": {
			"P1 Up": "Up, J1 POV1U, X1 DpadUp, X1 LStickUp",
			"P1 Down": "Down, J1 POV1D, X1 DpadDown, X1 LStickDown",
			"P1 Left": "Left, J1 POV1L, X1 DpadLeft, X1 LStickLeft",
			"P1 Right": "Right, J1 POV1R, X1 DpadRight, X1 LStickRight",
			"P1 A": "Z, J1 B1, X1 X",
			"P1 B": "X, J1 B2, X1 A",
			"P1 C": "C, J1 B4, X1 Y",
			"P1 Start": "Enter, J1 B10, X1 Start",
			"P1 X": "A, J1 B3, X1 B",
			"P1 Y": "S, J1 B5, X1 LeftShoulder",
			"P1 Z": "D, J1 B6, X1 RightShoulder",
			"P1 Mode": "E, J1 B9, X1 Back"
		},
		"WonderSwan Controller": {
			"P1 X1": "Up, J1 POV1U, X1 DpadUp, X1 LStickUp",
			"P1 X3": "Down, J1 POV1D, X1 DpadDown, X1 LStickDown",
			"P1 X4": "Left, J1 POV1L, X1 DpadLeft, X1 LStickLeft",
			"P1 X2": "Right, J1 POV1R, X1 DpadRight, X1 LStickRight",
			"P1 Y1": "Keypad8, J1 RotationZ-, X1 RStickUp",
			"P1 Y3": "Keypad2, J1 RotationZ+, X1 RStickDown",
			"P1 Y4": "Keypad4, J1 Z-, X1 RStickLeft",
			"P1 Y2": "Keypad6, J1 Z+, X1 RStickRight",
			"P1 Start": "Enter, J1 B10, X1 Start",
			"P1 B": "Z, J1 B1, X1 X",
			"P1 A": "X, J1 B2, X1 A",
			"P2 X3": "X, J1 B2, X1 A",
			"P2 X4": "Z, J1 B1, X1 X",
			"P2 Y1": "Left, J1 POV1L, X1 DpadLeft, X1 LStickLeft",
			"P2 Y3": "Right, J1 POV1R, X1 DpadRight, X1 LStickRight",
			"P2 Y4": "Down, J1 POV1D, X1 DpadDown, X1 LStickDown",
			"P2 Y2": "Up, J1 POV1U, X1 DpadUp, X1 LStickUp",
			"P2 Start": "Enter, J1 B10, X1 Start"
		},
		"PSX Front Panel": {
			"P1 Up": "X1 DpadUp, Up",
			"P1 D-Pad Up": "X1 DpadUp, Up",
			"P1 Thumbstick Up": "X1 DpadUp, Up",
			"P1 Down": "X1 DpadDown, Down",
			"P1 D-Pad Down": "X1 DpadDown, Down",
			"P1 Thumbstick Down": "X1 DpadDown, Down",
			"P1 Left": "X1 DpadLeft, Left",
			"P1 D-Pad Left": "X1 DpadLeft, Left",
			"P1 Thumbstick Left": "X1 DpadLeft, Left",
			"P1 Right": "X1 DpadRight, Right",
			"P1 D-Pad Right": "X1 DpadRight, Right",
			"P1 Thumbstick Right": "X1 DpadRight, Right",
			"P1 Select": "X1 Back, Space",
			"P1 Start": "X1 Start, Enter",
			"P1 Square": "X1 X, A",
			"P1 □": "X1 X, A",
			"P1 Triangle": "X1 Y, S",
			"P1 △": "X1 Y, S",
			"P1 Circle": "X1 B, X",
			"P1 ○": "X1 B, X",
			"P1 Cross": "X1 A, Z",
			"P1 X": "X1 A, Z",
			"P1 L1": "X1 LeftShoulder, Q",
			"P1 R1": "X1 RightShoulder, W",
			"P1 L2": "X1 LeftTrigger, E",
			"P1 R2": "X1 RightTrigger, R",
			"P1 L3": "X1 LeftThumb, T",
			"P1 Left Stick, Button": "X1 LeftThumb, T",
			"P1 R3": "X1 RightThumb, Y",
			"P1 Right Stick, Button": "X1 RightThumb, Y",
			"P1 MODE": "D",
			"P1 Analog": "D"
		},
		"Lynx Controller": {
			"Up": "Up",
			"Down": "Down",
			"Left": "Left",
			"Right": "Right",
			"A": "X",
			"B": "Z",
			"Option 1": "A",
			"Option 2": "S",
			"Pause": "Enter"
		},
		"Apple IIe Keyboard": {
			"Delete": "Delete",
			"Left": "Left",
			"Tab": "Tab",
			"Down": "Down",
			"Up": "Up",
			"Return": "Enter",
			"Right": "Right",
			"Space": "Space",
			"'": "Apostrophe",
			",": "Comma",
			"-": "Minus",
			".": "Period",
			"/": "Slash",
			"0": "Keypad0",
			"1": "Keypad1",
			"2": "Keypad2",
			"3": "Keypad3",
			"4": "Keypad4",
			"5": "Keypad5",
			"6": "Keypad6",
			"7": "Keypad7",
			"8": "Keypad8",
			"9": "Keypad9",
			";": "Semicolon",
			"=": "Equals",
			"[": "LeftBracket",
			"\\": "Backslash",
			"]": "RightBracket",
			"`": "Backtick",
			"A": "A",
			"B": "B",
			"C": "C",
			"D": "D",
			"E": "E",
			"F": "F",
			"G": "G",
			"H": "H",
			"I": "I",
			"J": "J",
			"K": "K",
			"L": "L",
			"M": "M",
			"N": "N",
			"O": "O",
			"P": "P",
			"Q": "Q",
			"R": "R",
			"S": "S",
			"T": "T",
			"U": "U",
			"V": "V",
			"W": "W",
			"X": "X",
			"Y": "Y",
			"Z": "Z",
			"Control": "Ctrl, LeftCtrl, RightCtrl",
			"Shift": "Shift, LeftShift, RightShift",
			"Caps Lock": "CapsLock"
		},
		"VirtualBoy Controller": {
			"P1 L_Up": "Up, X1 DpadUp, X1 LStickUp",
			"P1 L_Down": "Down, X1 DpadDown, X1 LStickDown",
			"P1 L_Left": "Left, X1 DpadLeft, X1 LStickLeft",
			"P1 L_Right": "Right, X1 DpadRight, X1 LStickRight",
			"P1 R_Up": "Keypad8, X1 RStickUp",
			"P1 R_Down": "Keypad2, X1 RStickDown",
			"P1 R_Left": "Keypad4, X1 RStickLeft",
			"P1 R_Right": "Keypad6, X1 RStickRight",
			"P1 B": "Z, X1 X",
			"P1 A": "X, X1 A",
			"P1 R": "W, X1 LeftShoulder",
			"P1 L": "E, X1 RightShoulder",
			"P1 Select": "Space, X1 Back",
			"P1 Start": "Enter, X1 Start"
		},
		"NeoGeo Portable Controller": {
			"P1 Up": "Up, X1 DpadUp, X1 LStickUp",
			"P1 Down": "Down, X1 DpadDown, X1 LStickDown",
			"P1 Left": "Left, X1 DpadLeft, X1 LStickLeft",
			"P1 Right": "Right, X1 DpadRight, X1 LStickRight",
			"P1 B": "Z, J1 B1, X1 X",
			"P1 A": "X, J1 B2, X1 A",
			"P1 Option": "Enter, J1 B10, X1 Start"
		},
		"Vectrex Digital Controller": {
			"P1 Up": "Up, J1 POV1U, X1 DpadUp, X1 LStickUp",
			"P1 Down": "Down, J1 POV1D, X1 DpadDown, X1 LStickDown",
			"P1 Left": "Left, J1 POV1L, X1 DpadLeft, X1 LStickLeft",
			"P1 Right": "Right, J1 POV1R, X1 DpadRight, X1 LStickRight",
			"P1 Button 1": "Z, J1 B2, X1 A",
			"P1 Button 2": "X, J1 B3, X1 B",
			"P1 Button 3": "A, J1 B1, X1 X",
			"P1 Button 4": "S, J1 B4, X1 Y"
		},
		"Vectrex Analog Controller": {
			"P1 Button 1": "Z, J1 B2, X1 A",
			"P1 Button 2": "X, J1 B3, X1 B",
			"P1 Button 3": "A, J1 B1, X1 X",
			"P1 Button 4": "S, J1 B4, X1 Y"
		},
		"O2 Joystick": {
			"P1 Up": "Up",
			"P1 Down": "Down",
			"P1 Left": "Left",
			"P1 Right": "Right",
			"P1 F": "Z",
			"0": "Keypad0",
			"1": "Keypad1",
			"2": "Keypad2",
			"3": "Keypad3",
			"4": "Keypad4",
			"5": "Keypad5",
			"6": "Keypad6",
			"7": "Keypad7",
			"8": "Keypad8",
			"9": "Keypad9",
			"YES": "Y",
			"NO": "N",
			"ENT": "KeypadEnter"
		},
		"Jaguar Controller": {
			"P1 Up": "Up",
			"P1 Down": "Down",
			"P1 Left": "Left",
			"P1 Right": "Right",
			"P1 A": "C",
			"P1 B": "X",
			"P1 C": "Z",
			"P1 Option": "Space",
			"P1 Pause": "Enter",
			"P1 0": "Keypad0",
			"P1 1": "Keypad1",
			"P1 2": "Keypad2",
			"P1 3": "Keypad3",
			"P1 4": "Keypad4",
			"P1 5": "Keypad5",
			"P1 6": "Keypad6",
			"P1 7": "Keypad7",
			"P1 8": "Keypad8",
			"P1 9": "Keypad9",
			"P1 Asterisk": "KeypadMultiply",
			"P1 Pound": "KeypadDivide"
		},
		"TIC-80 Controller": {
			"P1 Up": "Up",
			"P1 Down": "Down",
			"P1 Left": "Left",
			"P1 Right": "Right",
			"P1 A": "X",
			"P1 B": "Z",
			"P1 X": "S",
			"P1 Y": "A",
			"Mouse Left Click": "Z",
			"Mouse Middle Click": "X",
			"Mouse Right Click": "C"
		},
		"Amiga Controller": {
			"P1 Mouse Left Button": "WMouse L",
			"P2 Joystick Up": "Up, J1 POV1U, X1 DpadUp, X1 LStickUp",
			"P2 Joystick Down": "Down, J1 POV1D, X1 DpadDown, X1 LStickDown",
			"P2 Joystick Left": "Left, J1 POV1L, X1 DpadLeft, X1 LStickLeft",
			"P2 Joystick Right": "Right, J1 POV1R, X1 DpadRight, X1 LStickRight",
			"P2 Joystick Button 1": "Z, J1 B1, X1 X",
			"P2 Joystick Button 2": "X, J1 B2, X1 A",
			"P2 Joystick Button 3": "C, J1 B4, X1 Y"
		},
		"Doom Controller": {
			"P1 Fire": "WMouse L",
			"P1 Use": "Space",
			"P1 Forward": "W",
			"P1 Backward": "S",
			"P1 Turn Left": "E",
			"P1 Turn Right": "Q",
			"P1 Strafe Left": "A",
			"P1 Strafe Right": "D",
			"P1 Weapon Select 1": "Number1",
			"P1 Weapon Select 2": "Number2",
			"P1 Weapon Select 3": "Number3",
			"P1 Weapon Select 4": "Number4",
			"P1 Weapon Select 5": "Number5",
			"P1 Weapon Select 6": "Number6",
			"P1 Weapon Select 7": "Number7",
			"P1 Inventory Left": "LeftBracket",
			"P1 Inventory Right": "RightBracket",
			"P1 Use Artifact": "Enter",
			"P1 Look Up": "PageDown",
			"P1 Look Down": "Delete",
			"P1 Look Center": "End",
			"P1 Fly Up": "PageUp",
			"P1 Fly Down": "Insert",
			"P1 Fly Center": "Home",
			"P1 Jump": "Slash",
			"Change Gamma": "F11",
			"Automap Toggle": "Tab",
			"Automap +": "KeypadAdd",
			"Automap -": "KeypadSubtract",
			"Automap Full/Zoom": "Keypad0",
			"Automap Follow": "F",
			"Automap Up": "Up",
			"Automap Down": "Down",
			"Automap Right": "Right",
			"Automap Left": "Left",
			"Automap Grid": "G",
			"Automap Mark": "M",
			"Automap Clear Marks": "C"
		},
		"3DO Controller": {
			"P1 Up": "Up, J1 POV1U, X1 DpadUp, X1 LStickUp",
			"P1 Down": "Down, J1 POV1D, X1 DpadDown, X1 LStickDown",
			"P1 Left": "Left, J1 POV1L, X1 DpadLeft, X1 LStickLeft",
			"P1 Right": "Right, J1 POV1R, X1 DpadRight, X1 LStickRight",
			"P1 X": "Space, J1 B9, X1 Back",
			"P1 P": "Enter, J1 B10, X1 Start",
			"P1 A": "Z, J1 B1, X1 X",
			"P1 B": "X, J1 B2, X1 A",
			"P1 C": "C, J1 B4, X1 Y",
			"P1 L": "W, J1 B5, X1 LeftShoulder",
			"P1 R": "E, J1 B6, X1 RightShoulder",
			"P1 Trigger": "Z, J1 B1, X1 X, WMouse L",
			"Reset": "",
			"P1 Is Off-Screen": "Space, J1 B9, X1 Back",
			"P1 Reload": "C, J1 B4, X1 Y",
			"P1 Select": "X, J1 B2, X1 A",
			"P1 Left Button": "WMouse L",
			"P1 Middle Button": "",
			"P1 Right Button": "WMouse R",
			"P1 Fourth Button": ""
		},
		"DOSBox Controller": {
			"P1 Joystick Up": "Up, J1 POV1U, X1 DpadUp, X1 LStickUp",
			"P1 Joystick Down": "Down, J1 POV1D, X1 DpadDown, X1 LStickDown",
			"P1 Joystick Left": "Left, J1 POV1L, X1 DpadLeft, X1 LStickLeft",
			"P1 Joystick Right": "Right, J1 POV1R, X1 DpadRight, X1 LStickRight",
			"P1 Joystick Button 1": "Z, J1 B1, X1 X",
			"P1 Joystick Button 2": "X, J1 B2, X1 A",
			"Mouse Left Button": "WMouse L",
			"Key 1": "Number1",
			"Key 2": "Number2",
			"Key 3": "Number3",
			"Key 4": "Number4",
			"Key 5": "Number5",
			"Key 6": "Number6",
			"Key 7": "Number7",
			"Key 8": "Number8",
			"Key 9": "Number9",
			"Key 0": "Number0",
			"Key Q": "Q",
			"Key W": "W",
			"Key E": "E",
			"Key R": "R",
			"Key T": "T",
			"Key Y": "Y",
			"Key U": "U",
			"Key I": "I",
			"Key O": "O",
			"Key P": "P",
			"Key A": "A",
			"Key S": "S",
			"Key D": "D",
			"Key F": "F",
			"Key G": "G",
			"Key H": "H",
			"Key J": "J",
			"Key K": "K",
			"Key L": "L",
			"Key Z": "Z",
			"Key X": "X",
			"Key C": "C",
			"Key V": "V",
			"Key B": "B",
			"Key N": "N",
			"Key M": "M",
			"Key F1": "F1",
			"Key F2": "F2",
			"Key F3": "F3",
			"Key F4": "F4",
			"Key F5": "F5",
			"Key F6": "F6",
			"Key F7": "F7",
			"Key F8": "F8",
			"Key F9": "F9",
			"Key F10": "F10",
			"Key F11": "F11",
			"Key F12": "F12",
			"Key Escape": "Escape",
			"Key Tab": "Tab",
			"Key Backspace": "Backspace",
			"Key Enter": "Enter",
			"Key Space": "Space",
			"Key LeftAlt": "Alt, LeftAlt",
			"Key RightAlt": "RightAlt",
			"Key LeftCtrl": "Ctrl, LeftCtrl",
			"Key RightCtrl": "RightCtrl",
			"Key LeftShift": "Shift, LeftShift",
			"Key RightShift": "RightShift",
			"Key CapsLock": "CapsLock",
			"Key ScrollLock": "ScrollLock",
			"Key NumLock": "NumLock",
			"Key Grave": "Backtick",
			"Key Minus": "Minus",
			"Key Equals": "Equals",
			"Key Backslash": "Backslash",
			"Key LeftBracket": "LeftBracket",
			"Key RightBracket": "RightBracket",
			"Key Semicolon": "Semicolon",
			"Key Quote": "Apostrophe",
			"Key Period": "Period",
			"Key Comma": "Comma",
			"Key Slash": "Slash",
			"Key PrintScreen": "PrintScreen",
			"Key Pause": "Pause",
			"Key Insert": "Insert",
			"Key Home": "Home",
			"Key Pageup": "PageUp",
			"Key Delete": "Delete",
			"Key End": "End",
			"Key Pagedown": "PageDown",
			"Key Left": "Left",
			"Key Up": "Up",
			"Key Down": "Down",
			"Key Right": "Right",
			"Key KeyPad1": "Keypad1",
			"Key KeyPad2": "Keypad2",
			"Key KeyPad3": "Keypad3",
			"Key KeyPad4": "Keypad4",
			"Key KeyPad5": "Keypad5",
			"Key KeyPad6": "Keypad6",
			"Key KeyPad7": "Keypad7",
			"Key KeyPad8": "Keypad8",
			"Key KeyPad9": "Keypad9",
			"Key KeyPad0": "Keypad0",
			"Key KeyPadDivide": "KeypadDivide",
			"Key KeyPadMultiply": "KeypadMultiply",
			"Key KeyPadMinus": "KeypadSubtract",
			"Key KeyPadPlus": "KeypadAdd",
			"Key KeyPadEnter": "KeypadEnter",
			"Key KeyPadPeriod": "KeypadDecimal"
		}
	},
	"AllTrollersAutoFire": {
		"NES Controller": {
			"P1 B": "A",
			"P1 A": "S"
		},
		"Gameboy Controller": {
			"B": "A",
			"A": "S"
		},
		"Gameboy Controller H": {
			"B": "A",
			"A": "S"
		},
		"GBAController": {
			"B": "A",
			"A": "S"
		},
		"Atari 2600 Basic Controller": {
			"P1 Button": "A",
			"P2 Button": "S"
		},
		"Atari 7800 Basic Controller": {
			"P1 Button": "A",
			"P2 Button": "S"
		},
		"PC Engine Controller": {
			"P1 B2": "A",
			"P1 B1": "S"
		},
		"SMS Controller": {
			"P1 B1": "A",
			"P1 B2": "S"
		},
		"GPGX Genesis Controller": { },
		"GBA Controller": {
			"B": "A",
			"A": "S"
		},
		"WonderSwan Controller": {
			"P1 B": "A",
			"P1 A": "S",
			"P2 X4": "A",
			"P2 X3": "S"
		},
		"Apple IIe Keyboard": {
			"Return": "Enter"
		}
	},
	"AllTrollersAnalog": {
		"NES Controller": {
			"P2 Paddle": {
				"Value": "WMouse X",
				"Mult": 1.0,
				"Deadzone": 0.0
			},
			"P2 Zapper X": {
				"Value": "WMouse X",
				"Mult": 1.0,
				"Deadzone": 0.0
			},
			"P2 Zapper Y": {
				"Value": "WMouse Y",
				"Mult": 1.0,
				"Deadzone": 0.0
			},
			"P3 Paddle": {
				"Value": "WMouse X",
				"Mult": 1.0,
				"Deadzone": 0.0
			},
			"P3 Zapper X": {
				"Value": "WMouse X",
				"Mult": 1.0,
				"Deadzone": 0.0
			},
			"P3 Zapper Y": {
				"Value": "WMouse Y",
				"Mult": 1.0,
				"Deadzone": 0.0
			}
		},
		"Atari 7800 Paddle Controller": {
			"P1 Paddle": {
				"Value": "WMouse X",
				"Mult": 1.0,
				"Deadzone": 0.0
			}
		},
		"Atari 7800 Light Gun Controller": {
			"P1 VPos": {
				"Value": "WMouse Y",
				"Mult": 1.0,
				"Deadzone": 0.0
			},
			"P1 HPos": {
				"Value": "WMouse X",
				"Mult": 1.0,
				"Deadzone": 0.0
			}
		},
		"NDS Controller": {
			"Touch X": {
				"Value": "WMouse X",
				"Mult": 1.0,
				"Deadzone": 0.0
			},
			"Touch Y": {
				"Value": "WMouse Y",
				"Mult": 1.0,
				"Deadzone": 0.0
			}
		},
		"3DS Controller": {
			"Circle Pad X": {
				"Value": "X1 LeftThumbX Axis",
				"Mult": 1.0,
				"Deadzone": 0.1
			},
			"Circle Pad Y": {
				"Value": "X1 LeftThumbY Axis",
				"Mult": 1.0,
				"Deadzone": 0.1
			},
			"C-Stick X": {
				"Value": "X1 RightThumbX Axis",
				"Mult": 1.0,
				"Deadzone": 0.1
			},
			"C-Stick Y": {
				"Value": "X1 RightThumbY Axis",
				"Mult": 1.0,
				"Deadzone": 0.1
			},
			"Touch X": {
				"Value": "WMouse X",
				"Mult": 1.0,
				"Deadzone": 0.0
			},
			"Touch Y": {
				"Value": "WMouse Y",
				"Mult": 1.0,
				"Deadzone": 0.0
			},
			"Tilt X": {
				"Value": "WMouse X",
				"Mult": 1.0,
				"Deadzone": 0.0
			},
			"Tilt Y": {
				"Value": "WMouse Y",
				"Mult": 1.0,
				"Deadzone": 0.0
			}
		},
		"Nintendo 64 Controller": {
			"P1 X Axis": {
				"Value": "X1 LeftThumbX Axis",
				"Mult": 1.0,
				"Deadzone": 0.1
			},
			"P1 Y Axis": {
				"Value": "X1 LeftThumbY Axis",
				"Mult": 1.0,
				"Deadzone": 0.1
			},
			"P2 X Axis": {
				"Value": "",
				"Mult": 1.0,
				"Deadzone": 0.1
			},
			"P2 Y Axis": {
				"Value": "",
				"Mult": 1.0,
				"Deadzone": 0.1
			},
			"P3 X Axis": {
				"Value": "",
				"Mult": 1.0,
				"Deadzone": 0.1
			},
			"P3 Y Axis": {
				"Value": "",
				"Mult": 1.0,
				"Deadzone": 0.1
			},
			"P4 X Axis": {
				"Value": "",
				"Mult": 1.0,
				"Deadzone": 0.1
			},
			"P4 Y Axis": {
				"Value": "",
				"Mult": 1.0,
				"Deadzone": 0.1
			}
		},
		"GPGX Genesis Controller": {
			"P2 Lightgun X": {
				"Value": "WMouse X",
				"Mult": 1.0,
				"Deadzone": 0.0
			},
			"P2 Lightgun Y": {
				"Value": "WMouse Y",
				"Mult": 1.0,
				"Deadzone": 0.0
			},
			"P2 Mouse X": {
				"Value": "X1 LeftThumbX Axis",
				"Mult": 0.1,
				"Deadzone": 0.0
			},
			"P2 Mouse Y": {
				"Value": "X1 LeftThumbY Axis",
				"Mult": 0.1,
				"Deadzone": 0.0
			}
		},
		"PSX Front Panel": {
			"P1 LStick X": {
				"Value": "X1 LeftThumbX Axis",
				"Mult": 1.0,
				"Deadzone": 0.1
			},
			"P1 LStick Y": {
				"Value": "X1 LeftThumbY Axis",
				"Mult": 1.0,
				"Deadzone": 0.1
			},
			"P1 RStick X": {
				"Value": "X1 RightThumbX Axis",
				"Mult": 1.0,
				"Deadzone": 0.1
			},
			"P1 RStick Y": {
				"Value": "X1 RightThumbY Axis",
				"Mult": 1.0,
				"Deadzone": 0.1
			}
		},
		"LibRetro Controls": {
			"Pointer X": {
				"Value": "WMouse X",
				"Mult": 1.0,
				"Deadzone": 0.0
			},
			"Pointer Y": {
				"Value": "WMouse Y",
				"Mult": 1.0,
				"Deadzone": 0.0
			},
			"P1 Pointer X": {
				"Value": "",
				"Mult": 1.0,
				"Deadzone": 0.1
			},
			"P1 Pointer Y": {
				"Value": "",
				"Mult": 1.0,
				"Deadzone": 0.1
			}
		},
		"PC-FX Controller": {
			"P2 Mouse X": {
				"Value": "X1 LeftThumbX Axis",
				"Mult": 1.0,
				"Deadzone": 0.1
			},
			"P2 Mouse Y": {
				"Value": "X1 LeftThumbY Axis",
				"Mult": 1.0,
				"Deadzone": 0.1
			}
		},
		"SNES Controller": {
			"P1 Mouse X": {
				"Value": "X1 LeftThumbX Axis",
				"Mult": 1.0,
				"Deadzone": 0.1
			},
			"P1 Mouse Y": {
				"Value": "X1 LeftThumbY Axis",
				"Mult": 1.0,
				"Deadzone": 0.1
			},
			"P2 Scope X": {
				"Value": "WMouse X",
				"Mult": 1.0,
				"Deadzone": 0.0
			},
			"P2 Scope Y": {
				"Value": "WMouse Y",
				"Mult": 1.0,
				"Deadzone": 0.0
			}
		},
		"Saturn Controller": {
			"P1 Right Stick Horizontal": {
				"Value": "X1 RightThumbX Axis",
				"Mult": 1.0,
				"Deadzone": 0.1
			},
			"P1 Right Stick Vertical": {
				"Value": "",
				"Mult": 1.0,
				"Deadzone": 0.1
			},
			"P1 Right Throttle": {
				"Value": "X1 RightThumbY Axis",
				"Mult": 1.0,
				"Deadzone": 0.1
			},
			"P1 Left Stick Horizontal": {
				"Value": "X1 LeftThumbX Axis",
				"Mult": 1.0,
				"Deadzone": 0.1
			},
			"P1 Left Stick Vertical": {
				"Value": "X1 LeftThumbY Axis",
				"Mult": 1.0,
				"Deadzone": 0.1
			},
			"P1 Left Throttle": {
				"Value": "",
				"Mult": 1.0,
				"Deadzone": 0.1
			},
			"P1 Wheel": {
				"Value": "X1 LeftThumbX Axis",
				"Mult": 1.0,
				"Deadzone": 0.1
			},
			"P1 Stick Horizontal": {
				"Value": "X1 LeftThumbX Axis",
				"Mult": 1.0,
				"Deadzone": 0.1
			},
			"P1 Stick Vertical": {
				"Value": "X1 LeftThumbY Axis",
				"Mult": 1.0,
				"Deadzone": 0.1
			},
			"P1 Throttle": {
				"Value": "X1 RightThumbX Axis",
				"Mult": 1.0,
				"Deadzone": 0.1
			},
			"P1 X": {
				"Value": "WMouse X",
				"Mult": 1.0,
				"Deadzone": 0.0
			},
			"P1 Y": {
				"Value": "WMouse Y",
				"Mult": 1.0,
				"Deadzone": 0.0
			}
		},
		"SMS Paddle Controller": {
			"P1 Paddle": {
				"Value": "X1 LeftThumbX Axis",
				"Mult": 1.0,
				"Deadzone": 0.1
			}
		},
		"SMS Light Phaser Controller": {
			"P1 X": {
				"Value": "WMouse X",
				"Mult": 1.0,
				"Deadzone": 0.0
			},
			"P1 Y": {
				"Value": "WMouse Y",
				"Mult": 1.0,
				"Deadzone": 0.0
			}
		},
		"SMS Sports Pad Controller": {
			"P1 X": {
				"Value": "X1 LeftThumbX Axis",
				"Mult": 1.0,
				"Deadzone": 0.1
			},
			"P1 Y": {
				"Value": "X1 LeftThumbY Axis",
				"Mult": -1.0,
				"Deadzone": 0.1
			},
			"P2 X": {
				"Value": "X2 LeftThumbX Axis",
				"Mult": 1.0,
				"Deadzone": 0.1
			},
			"P2 Y": {
				"Value": "X2 LeftThumbY Axis",
				"Mult": -1.0,
				"Deadzone": 0.1
			}
		},
		"TIC-80 Controller": {
			"Mouse X Position": {
				"Value": "WMouse X",
				"Mult": 1.0,
				"Deadzone": 0.0
			},
			"Mouse Y Position": {
				"Value": "WMouse Y",
				"Mult": 1.0,
				"Deadzone": 0.0
			}
		},
		"Amiga Controller": {
			"P1 Mouse X": {
				"Value": "WMouse X",
				"Mult": 1.0,
				"Deadzone": 0.0
			},
			"P1 Mouse Y": {
				"Value": "WMouse Y",
				"Mult": 1.0,
				"Deadzone": 0.0
			}
		},
		"3DO Controller": {
			"P1 Mouse X": {
				"Value": "RMouse X",
				"Mult": 1.0,
				"Deadzone": 0.0
			},
			"P1 Mouse Y": {
				"Value": "RMouse Y",
				"Mult": 1.0,
				"Deadzone": 0.0
			},
			"P1 Flight Stick Horizontal Axis": {
				"Value": "RMouse X",
				"Mult": 1.0,
				"Deadzone": 0.0
			},
			"P1 Flight Stick Vertical Axis": {
				"Value": "RMouse Y",
				"Mult": 1.0,
				"Deadzone": 0.0
			},
			"P1 Light Gun Screen X": {
				"Value": "WMouse X",
				"Mult": 1.0,
				"Deadzone": 0.0
			},
			"P1 Light Gun Screen Y": {
				"Value": "WMouse Y",
				"Mult": 1.0,
				"Deadzone": 0.0
			},
			"P1 Trackball X": {
				"Value": "RMouse X",
				"Mult": 1.0,
				"Deadzone": 0.0
			},
			"P1 Trackball Y": {
				"Value": "RMouse Y",
				"Mult": 1.0,
				"Deadzone": 0.0
			}
		},
		"DOSBox Controller": {
			"Mouse Position X": {
				"Value": "WMouse X",
				"Mult": 1.0,
				"Deadzone": 0.0
			},
			"Mouse Position Y": {
				"Value": "WMouse Y",
				"Mult": 1.0,
				"Deadzone": 0.0
			},
			"Mouse Speed X": {
				"Value": "RMouse X",
				"Mult": 1.0,
				"Deadzone": 0.0
			},
			"Mouse Speed Y": {
				"Value": "RMouse Y",
				"Mult": 1.0,
				"Deadzone": 0.0
			}
		},
		"Doom Controller": {
			"P1 Mouse Running": {
				"Value": "RMouse Y",
				"Mult": 1.0,
				"Deadzone": 0.0
			},
			"P1 Mouse Turning": {
				"Value": "RMouse X",
				"Mult": 1.0,
				"Deadzone": 0.0
			}
		}
	},
	"AllTrollersFeedbacks": {
		"Nintendo 64 Controller": {
			"P1 Rumble Pak": {
				"Channels": "Left+Right",
				"GamepadPrefix": "X1 ",
				"Prescale": 1.0
			}
		},
		"Gameboy Controller": {
			"Rumble": {
				"Channels": "Left+Right",
				"GamepadPrefix": "X1 ",
				"Prescale": 1.0
			}
		},
		"GBA Controller": {
			"Rumble": {
				"Channels": "Left+Right",
				"GamepadPrefix": "X1 ",
				"Prescale": 1.0
			}
		},
		"PSX Front Panel": {
			"P1 Rumble Left (strong)": {
			  "Channels": "Left",
			  "GamepadPrefix": "X1 ",
			  "Prescale": 1.0
			},
			"P1 Rumble Right (weak)": {
			  "Channels": "Right",
			  "GamepadPrefix": "X1 ",
			  "Prescale": 1.0
			}
		}
	}
}
